-- MySQL dump 10.13  Distrib 5.7.23, for Linux (x86_64)
--
-- Host: localhost    Database: hackathon
-- ------------------------------------------------------
-- Server version	5.7.23-0ubuntu0.18.04.1

/*!40101 SET @OLD_CHARACTER_SET_CLIENT=@@CHARACTER_SET_CLIENT */;
/*!40101 SET @OLD_CHARACTER_SET_RESULTS=@@CHARACTER_SET_RESULTS */;
/*!40101 SET @OLD_COLLATION_CONNECTION=@@COLLATION_CONNECTION */;
/*!40101 SET NAMES utf8 */;
/*!40103 SET @OLD_TIME_ZONE=@@TIME_ZONE */;
/*!40103 SET TIME_ZONE='+00:00' */;
/*!40014 SET @OLD_UNIQUE_CHECKS=@@UNIQUE_CHECKS, UNIQUE_CHECKS=0 */;
/*!40014 SET @OLD_FOREIGN_KEY_CHECKS=@@FOREIGN_KEY_CHECKS, FOREIGN_KEY_CHECKS=0 */;
/*!40101 SET @OLD_SQL_MODE=@@SQL_MODE, SQL_MODE='NO_AUTO_VALUE_ON_ZERO' */;
/*!40111 SET @OLD_SQL_NOTES=@@SQL_NOTES, SQL_NOTES=0 */;

--
-- Table structure for table `camiones`
--

DROP TABLE IF EXISTS `camiones`;
/*!40101 SET @saved_cs_client     = @@character_set_client */;
/*!40101 SET character_set_client = utf8 */;
CREATE TABLE `camiones` (
  `id` int(11) NOT NULL AUTO_INCREMENT,
  `id_empresa` int(11) DEFAULT NULL,
  `placas` varchar(20) DEFAULT NULL,
  `kilometraje` text,
  PRIMARY KEY (`id`)
) ENGINE=InnoDB AUTO_INCREMENT=6 DEFAULT CHARSET=latin1;
/*!40101 SET character_set_client = @saved_cs_client */;

--
-- Dumping data for table `camiones`
--

LOCK TABLES `camiones` WRITE;
/*!40000 ALTER TABLE `camiones` DISABLE KEYS */;
INSERT INTO `camiones` VALUES (1,1,'JEV-6085','125,333'),(2,1,'OKU-9876','325,678'),(3,2,'UIG-9812','178,123'),(4,2,'09S-S872','3,000'),(5,2,'HACK-THON','54,000');
/*!40000 ALTER TABLE `camiones` ENABLE KEYS */;
UNLOCK TABLES;

--
-- Table structure for table `choferes`
--

DROP TABLE IF EXISTS `choferes`;
/*!40101 SET @saved_cs_client     = @@character_set_client */;
/*!40101 SET character_set_client = utf8 */;
CREATE TABLE `choferes` (
  `id` int(11) NOT NULL AUTO_INCREMENT,
  `id_empresa` int(11) DEFAULT NULL,
  `nombre` varchar(100) DEFAULT NULL,
  `foto` blob,
  PRIMARY KEY (`id`)
) ENGINE=InnoDB AUTO_INCREMENT=6 DEFAULT CHARSET=latin1;
/*!40101 SET character_set_client = @saved_cs_client */;

--
-- Dumping data for table `choferes`
--

LOCK TABLES `choferes` WRITE;
/*!40000 ALTER TABLE `choferes` DISABLE KEYS */;
INSERT INTO `choferes` VALUES (1,1,'bodoque zorrilla',''),(2,1,'luis alberto',''),(3,2,'pedro gavilan',''),(4,2,'ubaldo garcia',''),(5,2,'manuel escamilla','');
/*!40000 ALTER TABLE `choferes` ENABLE KEYS */;
UNLOCK TABLES;

--
-- Table structure for table `empresas`
--

DROP TABLE IF EXISTS `empresas`;
/*!40101 SET @saved_cs_client     = @@character_set_client */;
/*!40101 SET character_set_client = utf8 */;
CREATE TABLE `empresas` (
  `id` int(11) NOT NULL AUTO_INCREMENT,
  `nombre` varchar(60) DEFAULT NULL,
  `direccion` varchar(100) DEFAULT NULL,
  PRIMARY KEY (`id`)
) ENGINE=InnoDB AUTO_INCREMENT=3 DEFAULT CHARSET=latin1;
/*!40101 SET character_set_client = @saved_cs_client */;

--
-- Dumping data for table `empresas`
--

LOCK TABLES `empresas` WRITE;
/*!40000 ALTER TABLE `empresas` DISABLE KEYS */;
INSERT INTO `empresas` VALUES (1,'trasportes zorrilla','rio amazonas 119'),(2,'trasportes barcenas','chamula 500');
/*!40000 ALTER TABLE `empresas` ENABLE KEYS */;
UNLOCK TABLES;

--
-- Table structure for table `eventos_rutas`
--

DROP TABLE IF EXISTS `eventos_rutas`;
/*!40101 SET @saved_cs_client     = @@character_set_client */;
/*!40101 SET character_set_client = utf8 */;
CREATE TABLE `eventos_rutas` (
  `id` int(11) NOT NULL AUTO_INCREMENT,
  `id_ruta` int(11) DEFAULT NULL,
  `coordenadas` varchar(200) DEFAULT NULL,
  `abrio_tapa` int(11) DEFAULT NULL,
  `hora` datetime DEFAULT NULL,
  PRIMARY KEY (`id`)
) ENGINE=InnoDB DEFAULT CHARSET=latin1;
/*!40101 SET character_set_client = @saved_cs_client */;

--
-- Dumping data for table `eventos_rutas`
--

LOCK TABLES `eventos_rutas` WRITE;
/*!40000 ALTER TABLE `eventos_rutas` DISABLE KEYS */;
/*!40000 ALTER TABLE `eventos_rutas` ENABLE KEYS */;
UNLOCK TABLES;

--
-- Table structure for table `gasolineras`
--

DROP TABLE IF EXISTS `gasolineras`;
/*!40101 SET @saved_cs_client     = @@character_set_client */;
/*!40101 SET character_set_client = utf8 */;
CREATE TABLE `gasolineras` (
  `id` int(11) NOT NULL,
  `coordenadas` varchar(38) DEFAULT NULL,
  `nombre` varchar(59) DEFAULT NULL,
  `num_estacion` int(11) DEFAULT NULL
) ENGINE=InnoDB DEFAULT CHARSET=utf8;
/*!40101 SET character_set_client = @saved_cs_client */;

--
-- Dumping data for table `gasolineras`
--

LOCK TABLES `gasolineras` WRITE;
/*!40000 ALTER TABLE `gasolineras` DISABLE KEYS */;
INSERT INTO `gasolineras` VALUES (1,'20.639304172106225,-103.41765946591795','Mariano Otero',4311),(2,'20.563515799999999,-103.28313059999999','GUILLE GASOLGRUPO SA DE CV',12056),(3,'20.606420,-103.432961','GASOLINERA MARTIN SA DE CV',5437),(4,'20.611337299999999,-103.32468289999999','GASOLINERA TAPATIO SA DE CV',4831),(5,'20.63027417338766,-103.43674405614468','GASOLINERA MARTIN SA DE CV',4748),(6,'20.38080406188965,-101.86898803710938','KOPLA SA DE CV',3508),(7,'20.450815,-101.552802','SERVIEXPRESS DELFINES SA DE CV',1662),(8,'20.649995,-101.295334','SERVICIO IRASAL SA DE CV',10673),(9,'20.616329,-103.231897','AUTOSERVICIO GAS HR SA DE CV',6060),(10,'20.412166,-103.558431','AUTOSERVICIO GAS HR SA DE CV',9404),(11,'20.412646,-103.557591','AUTOSERVICIO GAS HR SA DE CV',9405),(12,'25.593851,-100.878701','SERVICIO 12 DE DICIEMBRE SA DE CV',5208),(13,'25.802102,-108.941640','MULTISERVICIOS LA PILARICA SA DE CV',7407),(14,'25.799607,-108.942778','MULTISERVICIOS LA PILARICA SA DE CV',10426),(15,'21.807871,-100.730269','SERVICIO SANTA MARIA DEL RIO SA DE CV',2937),(16,'19.840792,-99.278189','GRUPO JIMMEX SA DE CV',9778),(17,'19.760475,-99.215855','SERVI BOULEVARD SA DE CV',11721),(18,'21.379271,-101.923961','GRUPO GASOLINERO LAGOS SA DE CV',6758),(19,'23.545862,-100.627291','SERVICIO LOS PICAPIEDRA SA DE CV',8733),(20,'23.556547,-100.627563','SERVICIO NARU SA DE CV',6414),(21,'24.089381,-100.383844','GAS DIAMANTE 2 SA DE CV',9640),(22,'22.123567,-100.920000','SERVICIO EJE 100 SA DE CV',6056),(23,'21.777901,-102.280090','SERVICIO GUTMART SA DE CV',10097),(24,'32.543662,-116.930802','COMBUSTIBLES DE OTAY SA DE CV',8972),(25,'23.197236,-106.194558','SERVICIOS LAS SALVIAS SA DE CV',12087),(26,'18.830238,-97.505425','COMBUSMAX SA DE CV',8592),(27,'20.534810,-100.709883','GASOLINERA SERVICIO EL TREBOL SA DE CV',4068),(28,'20.507721,-100.147470','SUPER SERVICIO EL SAUZ SA DE CV',871),(29,'27.298572,-99.600759','SUPER SERVICIO NUEVO LAREDO',7739),(30,'22.362562,-102.884512','SERVICIO VILLANUEVA SA DE CV',2463),(31,'27.116653,-109.460167','AUTOSERVICIO MAS SA DE CV',4143),(32,'21.466271,-104.860208','UNIDAD DE SERVICIOS PARA EL TRANSPORTE EN GENERAL SA DE CV',3671),(33,'32.510797,-114.874893','COMBUSTIBLES VALLE DE MEXICALI SA DE CV',10972),(34,'23.249448,-106.369072','SERVICIOS LAS SALVIAS SA DE CV',13456),(35,'19.985523,-99.441555','SERVICIO EL CRUCERO SA DE CV',4517),(36,'19.591671,-98.563885','MARIA ANGELICA SALAZAR MARTINEZ',9430),(37,'20.521195,-103.243623','GASOFIA SA DE CV',11997),(38,'20.636893,-103.412580','ESTACION DE SERVICIO PEGASO SA DE CV',10696),(39,'30.548743,-111.117690','EMMA ARMIDA FELIX LOUSTAUNAU',2310),(40,'19.365717,-99.082244','COMBUSTIBLES ERMITA SA DE CV',10900),(41,'20.471460,-99.206430','SUPER SERVICIO EL CORTIJO SA DE CV',7135),(42,'19.996679,-99.480137','SERVICIOS MODERNOS DE JILOTEPEC SA DE CV',12927),(43,'20.704200,-105.272860','GASOLINERA MARTIN SA DE CV',5851),(44,'20.705323,-103.448547','octano',9198),(45,'20.572068,-103.455769','SERVICIO SANTA ANITA SA DE CV',3532),(46,'18.860679,-96.879881','ANSELMA EDITH HUESCA LAGUNES',5974),(47,'22.735114,-99.970083','COMBUSTIBLES CD DEL MAIZ SA DE CV',11937),(48,'30.781943,-110.854134','GARAGE IMURIS SA DE CV',2319),(49,'32.553469,-115.253887','GASSIL SA. DE CV.',1814),(50,'29.222390,-110.929217','DISTRIBUIDORA DE COMBUSTIBLES DCS DE SONORA SA DE CV',8760),(51,'29.033013,-110.944263','DISTRIBUIDORA DE COMBUSTIBLES DCS DE SONORA SA DE CV',3461),(52,'21.050016,-101.571700','OPERADORA LA HERRADURA SA DE CV',9564),(53,'21.074130,-101.601735','SERVICENTRO DE LEON SA DE CV',5214),(54,'19.901870,-100.792372','GRUPO OCTANO SA DE CV',9603),(55,'19.788594,-101.1588762','GRUPO OCTANO SA DE CV',5806),(56,'19.902991,-100.792852','GRUPO OCTANO SA DE CV',9843),(57,'28.527929,-105.938834','PARADOR LOS MEZQUITES SA DE CV',9257),(58,'31.863925,-112.846205','SUPER SERVICIO SALCIDO SA DE CV',1821),(59,'18.943618,-103.922339','MACROSERVICIO DEL PACIFICIO SA DE CV',6629),(60,'27.604990,-109.939427','GASOLINERA RIO YAQUI SA DE CV',4433),(61,'20.548389,-103.302275','GASOLINERA LOLITA SA DE CV',7190),(62,'19.175374,-96.269666','MIGUEL NICEFORO GARCIA PALACIOS',12344),(63,'20.909089,-103.957241','ESTACION SAN ANDRES SA DE CV',10820),(64,'32.544357,-116.905119','SERVICIO DELTA GAS SA DE CV',7571),(65,'20.519011,-100.754810','COMBU-EXPRESS SA DE CV',4044),(66,'20.904476,-89.677624','PERIFERICO SUR SA DE CV',6385),(67,'26.002014,-98.150969','Grupo San Carlos Del Noreste, S.A. de C.V.',7639),(68,'17.778577,-92.678830','ESTACION DE SERVICIO CHICHONAL SA DE CV',10802),(69,'19.395647,-102.035592','MULTISERVICIOS EXPRESS VALVI SA DE CV',11535),(70,'19.701999,-103.491504','GRUPO COTANO SA DE CV',3911),(71,'18.860771,-96.873303','GASOLINERA EL TREBOL SA DE CV',4357),(72,'20.438560,-103.526210','Multiservicios Gasolineros Luna, SA de CV',5789),(73,'21.039703,-89.601453','Estacion de Servicio Periferico Norte, S.A. de C.V',7271),(74,'20.578774,-103.365180','ENERGETICOS PLUS SA DE CV',4271),(75,'27.112720,-104.883500','GASOLINERA JV',8136),(76,'20.568331,-103.365482','ENERGETICOS PLUS SA DE CV',9021),(77,'23.297669,-102.958368','Gasolinera las palmas fresnillo',2552),(78,'20.734029,-103.577543','SERVICIO SIGLO XXI SA DE CV',11073),(79,'20.659150,-103.384900','DESPACHADORA ABASTOS DE JALISCO, S. DE R.L DE CV',10355),(80,'19.587194,-101.304108','SERVICIO VILLAVAL SA DE CV',6241),(81,'20.588594,-103.114978','Super Servicio Cataluna, S.A. de C.V.',8435),(82,'23.273564,-102.327525','Servicio Villa de Cos, S.A. de C.V.',3022),(83,'19.097538,-98.231594','ESTACIN SERVICIO ATOPISTA MXICO PUEBLA SA DE CV',825),(84,'17.986680,-92.954799','Operadora de Estacion de Servicio Villahermosa S.A. de C.V.',2469),(85,'20.703925,-103.447493','ESTACIN NACIONES UNIDAS SA DE CV',9158),(86,'21.104803,-101.787229','Grupo Jgj-Luan, S.A. de C.V.',12719);
/*!40000 ALTER TABLE `gasolineras` ENABLE KEYS */;
UNLOCK TABLES;

--
-- Table structure for table `rutas`
--

DROP TABLE IF EXISTS `rutas`;
/*!40101 SET @saved_cs_client     = @@character_set_client */;
/*!40101 SET character_set_client = utf8 */;
CREATE TABLE `rutas` (
  `id` int(11) NOT NULL AUTO_INCREMENT,
  `id_empresa` int(11) DEFAULT NULL,
  `id_chofer` int(11) DEFAULT NULL,
  `id_camion` int(11) DEFAULT NULL,
  `coordenadas_inicio` varchar(200) DEFAULT NULL,
  `coordenadas_fin` varchar(200) DEFAULT NULL,
  `hora_inicio` datetime DEFAULT NULL,
  `hora_fin` datetime DEFAULT NULL,
  PRIMARY KEY (`id`)
) ENGINE=InnoDB DEFAULT CHARSET=latin1;
/*!40101 SET character_set_client = @saved_cs_client */;

--
-- Dumping data for table `rutas`
--

LOCK TABLES `rutas` WRITE;
/*!40000 ALTER TABLE `rutas` DISABLE KEYS */;
/*!40000 ALTER TABLE `rutas` ENABLE KEYS */;
UNLOCK TABLES;

--
-- Table structure for table `usuarios`
--

DROP TABLE IF EXISTS `usuarios`;
/*!40101 SET @saved_cs_client     = @@character_set_client */;
/*!40101 SET character_set_client = utf8 */;
CREATE TABLE `usuarios` (
  `id` int(11) NOT NULL AUTO_INCREMENT,
  `nombre` varchar(60) DEFAULT NULL,
  `id_empresa` int(11) DEFAULT NULL,
  `password` text,
  `usuario` varchar(40) DEFAULT NULL,
  PRIMARY KEY (`id`)
) ENGINE=InnoDB AUTO_INCREMENT=3 DEFAULT CHARSET=latin1;
/*!40101 SET character_set_client = @saved_cs_client */;

--
-- Dumping data for table `usuarios`
--

LOCK TABLES `usuarios` WRITE;
/*!40000 ALTER TABLE `usuarios` DISABLE KEYS */;
INSERT INTO `usuarios` VALUES (1,'Sergio Zorrilla',1,'bodoque','bodoque'),(2,'Abraham Barcenas',2,'123456','barcenas');
/*!40000 ALTER TABLE `usuarios` ENABLE KEYS */;
UNLOCK TABLES;
/*!40103 SET TIME_ZONE=@OLD_TIME_ZONE */;

/*!40101 SET SQL_MODE=@OLD_SQL_MODE */;
/*!40014 SET FOREIGN_KEY_CHECKS=@OLD_FOREIGN_KEY_CHECKS */;
/*!40014 SET UNIQUE_CHECKS=@OLD_UNIQUE_CHECKS */;
/*!40101 SET CHARACTER_SET_CLIENT=@OLD_CHARACTER_SET_CLIENT */;
/*!40101 SET CHARACTER_SET_RESULTS=@OLD_CHARACTER_SET_RESULTS */;
/*!40101 SET COLLATION_CONNECTION=@OLD_COLLATION_CONNECTION */;
/*!40111 SET SQL_NOTES=@OLD_SQL_NOTES */;

-- Dump completed on 2018-08-17 21:36:54
