-- MySQL dump 10.13  Distrib 5.7.23, for Linux (x86_64)
--
-- Host: localhost    Database: hackathon
-- ------------------------------------------------------
-- Server version	5.7.23-0ubuntu0.18.04.1

/*!40101 SET @OLD_CHARACTER_SET_CLIENT=@@CHARACTER_SET_CLIENT */;
/*!40101 SET @OLD_CHARACTER_SET_RESULTS=@@CHARACTER_SET_RESULTS */;
/*!40101 SET @OLD_COLLATION_CONNECTION=@@COLLATION_CONNECTION */;
/*!40101 SET NAMES utf8 */;
/*!40103 SET @OLD_TIME_ZONE=@@TIME_ZONE */;
/*!40103 SET TIME_ZONE='+00:00' */;
/*!40014 SET @OLD_UNIQUE_CHECKS=@@UNIQUE_CHECKS, UNIQUE_CHECKS=0 */;
/*!40014 SET @OLD_FOREIGN_KEY_CHECKS=@@FOREIGN_KEY_CHECKS, FOREIGN_KEY_CHECKS=0 */;
/*!40101 SET @OLD_SQL_MODE=@@SQL_MODE, SQL_MODE='NO_AUTO_VALUE_ON_ZERO' */;
/*!40111 SET @OLD_SQL_NOTES=@@SQL_NOTES, SQL_NOTES=0 */;

--
-- Table structure for table `camiones`
--

DROP TABLE IF EXISTS `camiones`;
/*!40101 SET @saved_cs_client     = @@character_set_client */;
/*!40101 SET character_set_client = utf8 */;
CREATE TABLE `camiones` (
  `id` int(11) NOT NULL AUTO_INCREMENT,
  `id_empresa` int(11) DEFAULT NULL,
  `placas` varchar(20) DEFAULT NULL,
  `kilometraje` text,
  PRIMARY KEY (`id`)
) ENGINE=InnoDB AUTO_INCREMENT=6 DEFAULT CHARSET=latin1;
/*!40101 SET character_set_client = @saved_cs_client */;

--
-- Dumping data for table `camiones`
--

LOCK TABLES `camiones` WRITE;
/*!40000 ALTER TABLE `camiones` DISABLE KEYS */;
INSERT INTO `camiones` VALUES (1,1,'JEV-6085','125,333'),(2,1,'OKU-9876','325,678'),(3,2,'UIG-9812','178,123'),(4,2,'09S-S872','3,000'),(5,2,'HACK-THON','54,000');
/*!40000 ALTER TABLE `camiones` ENABLE KEYS */;
UNLOCK TABLES;

--
-- Table structure for table `choferes`
--

DROP TABLE IF EXISTS `choferes`;
/*!40101 SET @saved_cs_client     = @@character_set_client */;
/*!40101 SET character_set_client = utf8 */;
CREATE TABLE `choferes` (
  `id` int(11) NOT NULL AUTO_INCREMENT,
  `id_empresa` int(11) DEFAULT NULL,
  `nombre` varchar(100) DEFAULT NULL,
  `foto` blob,
  PRIMARY KEY (`id`)
) ENGINE=InnoDB AUTO_INCREMENT=6 DEFAULT CHARSET=latin1;
/*!40101 SET character_set_client = @saved_cs_client */;

--
-- Dumping data for table `choferes`
--

LOCK TABLES `choferes` WRITE;
/*!40000 ALTER TABLE `choferes` DISABLE KEYS */;
INSERT INTO `choferes` VALUES (1,1,'bodoque zorrilla',''),(2,1,'luis alberto',''),(3,2,'pedro gavilan',''),(4,2,'ubaldo garcia',''),(5,2,'manuel escamilla','');
/*!40000 ALTER TABLE `choferes` ENABLE KEYS */;
UNLOCK TABLES;

--
-- Table structure for table `empresas`
--

DROP TABLE IF EXISTS `empresas`;
/*!40101 SET @saved_cs_client     = @@character_set_client */;
/*!40101 SET character_set_client = utf8 */;
CREATE TABLE `empresas` (
  `id` int(11) NOT NULL AUTO_INCREMENT,
  `nombre` varchar(60) DEFAULT NULL,
  `direccion` varchar(100) DEFAULT NULL,
  PRIMARY KEY (`id`)
) ENGINE=InnoDB AUTO_INCREMENT=3 DEFAULT CHARSET=latin1;
/*!40101 SET character_set_client = @saved_cs_client */;

--
-- Dumping data for table `empresas`
--

LOCK TABLES `empresas` WRITE;
/*!40000 ALTER TABLE `empresas` DISABLE KEYS */;
INSERT INTO `empresas` VALUES (1,'trasportes zorrilla','rio amazonas 119'),(2,'trasportes barcenas','chamula 500');
/*!40000 ALTER TABLE `empresas` ENABLE KEYS */;
UNLOCK TABLES;

--
-- Table structure for table `eventos_rutas`
--

DROP TABLE IF EXISTS `eventos_rutas`;
/*!40101 SET @saved_cs_client     = @@character_set_client */;
/*!40101 SET character_set_client = utf8 */;
CREATE TABLE `eventos_rutas` (
  `id` int(11) NOT NULL AUTO_INCREMENT,
  `id_ruta` int(11) DEFAULT NULL,
  `coordenadas` varchar(200) DEFAULT NULL,
  `abrio_tapa` int(11) DEFAULT NULL,
  `hora` datetime DEFAULT NULL,
  PRIMARY KEY (`id`)
) ENGINE=InnoDB AUTO_INCREMENT=15 DEFAULT CHARSET=latin1;
/*!40101 SET character_set_client = @saved_cs_client */;

--
-- Dumping data for table `eventos_rutas`
--

LOCK TABLES `eventos_rutas` WRITE;
/*!40000 ALTER TABLE `eventos_rutas` DISABLE KEYS */;
INSERT INTO `eventos_rutas` VALUES (1,1,'55,555',0,'2018-08-17 12:34:09'),(2,2,'25.646510,-100.325730',0,'2018-08-17 12:33:45'),(3,2,'25.646510,-100.325730',0,'2018-08-17 12:33:45'),(4,2,'25.646510,-100.325730',0,'2018-08-17 12:33:45'),(5,2,'25.646510,-100.325730',0,'2018-08-17 12:33:45'),(6,2,'25.646510,-100.325730',0,'2018-08-17 12:33:45'),(7,2,'25.646510,-100.325730',0,'2018-08-17 12:33:45'),(8,2,'25.646510,-100.325730',0,'2018-08-17 12:33:45'),(9,2,'25.646510,-100.325730',0,'2018-08-17 12:33:45'),(10,2,'25.646510,-100.325730',0,'2018-08-17 12:33:45'),(11,2,'25.646510,-100.325730',0,'2018-08-17 12:33:45'),(12,2,'25.646510,-100.325730',0,'2018-08-17 12:33:45'),(13,2,'25.646510,-100.325730',1,'2018-08-17 12:33:45'),(14,2,'25.646510,-100.325730',1,'2018-08-17 12:33:45');
/*!40000 ALTER TABLE `eventos_rutas` ENABLE KEYS */;
UNLOCK TABLES;

--
-- Table structure for table `gasolineras`
--

DROP TABLE IF EXISTS `gasolineras`;
/*!40101 SET @saved_cs_client     = @@character_set_client */;
/*!40101 SET character_set_client = utf8 */;
CREATE TABLE `gasolineras` (
  `id` int(11) NOT NULL,
  `coordenadas` varchar(38) DEFAULT NULL,
  `nombre` varchar(59) DEFAULT NULL,
  `num_estacion` int(11) DEFAULT NULL
) ENGINE=InnoDB DEFAULT CHARSET=utf8;
/*!40101 SET character_set_client = @saved_cs_client */;

--
-- Dumping data for table `gasolineras`
--

LOCK TABLES `gasolineras` WRITE;
/*!40000 ALTER TABLE `gasolineras` DISABLE KEYS */;
INSERT INTO `gasolineras` VALUES (1,'20.639304172106225,-103.41765946591795','Mariano Otero',4311),(2,'20.563515799999999,-103.28313059999999','GUILLE GASOLGRUPO SA DE CV',12056),(3,'20.606420,-103.432961','GASOLINERA MARTIN SA DE CV',5437),(4,'20.611337299999999,-103.32468289999999','GASOLINERA TAPATIO SA DE CV',4831),(5,'20.63027417338766,-103.43674405614468','GASOLINERA MARTIN SA DE CV',4748),(6,'20.38080406188965,-101.86898803710938','KOPLA SA DE CV',3508),(7,'20.450815,-101.552802','SERVIEXPRESS DELFINES SA DE CV',1662),(8,'20.649995,-101.295334','SERVICIO IRASAL SA DE CV',10673),(9,'20.616329,-103.231897','AUTOSERVICIO GAS HR SA DE CV',6060),(10,'20.412166,-103.558431','AUTOSERVICIO GAS HR SA DE CV',9404),(11,'20.412646,-103.557591','AUTOSERVICIO GAS HR SA DE CV',9405),(12,'25.593851,-100.878701','SERVICIO 12 DE DICIEMBRE SA DE CV',5208),(13,'25.802102,-108.941640','MULTISERVICIOS LA PILARICA SA DE CV',7407),(14,'25.799607,-108.942778','MULTISERVICIOS LA PILARICA SA DE CV',10426),(15,'21.807871,-100.730269','SERVICIO SANTA MARIA DEL RIO SA DE CV',2937),(16,'19.840792,-99.278189','GRUPO JIMMEX SA DE CV',9778),(17,'19.760475,-99.215855','SERVI BOULEVARD SA DE CV',11721),(18,'21.379271,-101.923961','GRUPO GASOLINERO LAGOS SA DE CV',6758),(19,'23.545862,-100.627291','SERVICIO LOS PICAPIEDRA SA DE CV',8733),(20,'23.556547,-100.627563','SERVICIO NARU SA DE CV',6414),(21,'24.089381,-100.383844','GAS DIAMANTE 2 SA DE CV',9640),(22,'22.123567,-100.920000','SERVICIO EJE 100 SA DE CV',6056),(23,'21.777901,-102.280090','SERVICIO GUTMART SA DE CV',10097),(24,'32.543662,-116.930802','COMBUSTIBLES DE OTAY SA DE CV',8972),(25,'23.197236,-106.194558','SERVICIOS LAS SALVIAS SA DE CV',12087),(26,'18.830238,-97.505425','COMBUSMAX SA DE CV',8592),(27,'20.534810,-100.709883','GASOLINERA SERVICIO EL TREBOL SA DE CV',4068),(28,'20.507721,-100.147470','SUPER SERVICIO EL SAUZ SA DE CV',871),(29,'27.298572,-99.600759','SUPER SERVICIO NUEVO LAREDO',7739),(30,'22.362562,-102.884512','SERVICIO VILLANUEVA SA DE CV',2463),(31,'27.116653,-109.460167','AUTOSERVICIO MAS SA DE CV',4143),(32,'21.466271,-104.860208','UNIDAD DE SERVICIOS PARA EL TRANSPORTE EN GENERAL SA DE CV',3671),(33,'32.510797,-114.874893','COMBUSTIBLES VALLE DE MEXICALI SA DE CV',10972),(34,'23.249448,-106.369072','SERVICIOS LAS SALVIAS SA DE CV',13456),(35,'19.985523,-99.441555','SERVICIO EL CRUCERO SA DE CV',4517),(36,'19.591671,-98.563885','MARIA ANGELICA SALAZAR MARTINEZ',9430),(37,'20.521195,-103.243623','GASOFIA SA DE CV',11997),(38,'20.636893,-103.412580','ESTACION DE SERVICIO PEGASO SA DE CV',10696),(39,'30.548743,-111.117690','EMMA ARMIDA FELIX LOUSTAUNAU',2310),(40,'19.365717,-99.082244','COMBUSTIBLES ERMITA SA DE CV',10900),(41,'20.471460,-99.206430','SUPER SERVICIO EL CORTIJO SA DE CV',7135),(42,'19.996679,-99.480137','SERVICIOS MODERNOS DE JILOTEPEC SA DE CV',12927),(43,'20.704200,-105.272860','GASOLINERA MARTIN SA DE CV',5851),(44,'20.705323,-103.448547','octano',9198),(45,'20.572068,-103.455769','SERVICIO SANTA ANITA SA DE CV',3532),(46,'18.860679,-96.879881','ANSELMA EDITH HUESCA LAGUNES',5974),(47,'22.735114,-99.970083','COMBUSTIBLES CD DEL MAIZ SA DE CV',11937),(48,'30.781943,-110.854134','GARAGE IMURIS SA DE CV',2319),(49,'32.553469,-115.253887','GASSIL SA. DE CV.',1814),(50,'29.222390,-110.929217','DISTRIBUIDORA DE COMBUSTIBLES DCS DE SONORA SA DE CV',8760),(51,'29.033013,-110.944263','DISTRIBUIDORA DE COMBUSTIBLES DCS DE SONORA SA DE CV',3461),(52,'21.050016,-101.571700','OPERADORA LA HERRADURA SA DE CV',9564),(53,'21.074130,-101.601735','SERVICENTRO DE LEON SA DE CV',5214),(54,'19.901870,-100.792372','GRUPO OCTANO SA DE CV',9603),(55,'19.788594,-101.1588762','GRUPO OCTANO SA DE CV',5806),(56,'19.902991,-100.792852','GRUPO OCTANO SA DE CV',9843),(57,'28.527929,-105.938834','PARADOR LOS MEZQUITES SA DE CV',9257),(58,'31.863925,-112.846205','SUPER SERVICIO SALCIDO SA DE CV',1821),(59,'18.943618,-103.922339','MACROSERVICIO DEL PACIFICIO SA DE CV',6629),(60,'27.604990,-109.939427','GASOLINERA RIO YAQUI SA DE CV',4433),(61,'20.548389,-103.302275','GASOLINERA LOLITA SA DE CV',7190),(62,'19.175374,-96.269666','MIGUEL NICEFORO GARCIA PALACIOS',12344),(63,'20.909089,-103.957241','ESTACION SAN ANDRES SA DE CV',10820),(64,'32.544357,-116.905119','SERVICIO DELTA GAS SA DE CV',7571),(65,'20.519011,-100.754810','COMBU-EXPRESS SA DE CV',4044),(66,'20.904476,-89.677624','PERIFERICO SUR SA DE CV',6385),(67,'26.002014,-98.150969','Grupo San Carlos Del Noreste, S.A. de C.V.',7639),(68,'17.778577,-92.678830','ESTACION DE SERVICIO CHICHONAL SA DE CV',10802),(69,'19.395647,-102.035592','MULTISERVICIOS EXPRESS VALVI SA DE CV',11535),(70,'19.701999,-103.491504','GRUPO COTANO SA DE CV',3911),(71,'18.860771,-96.873303','GASOLINERA EL TREBOL SA DE CV',4357),(72,'20.438560,-103.526210','Multiservicios Gasolineros Luna, SA de CV',5789),(73,'21.039703,-89.601453','Estacion de Servicio Periferico Norte, S.A. de C.V',7271),(74,'20.578774,-103.365180','ENERGETICOS PLUS SA DE CV',4271),(75,'27.112720,-104.883500','GASOLINERA JV',8136),(76,'20.568331,-103.365482','ENERGETICOS PLUS SA DE CV',9021),(77,'23.297669,-102.958368','Gasolinera las palmas fresnillo',2552),(78,'20.734029,-103.577543','SERVICIO SIGLO XXI SA DE CV',11073),(79,'20.659150,-103.384900','DESPACHADORA ABASTOS DE JALISCO, S. DE R.L DE CV',10355),(80,'19.587194,-101.304108','SERVICIO VILLAVAL SA DE CV',6241),(81,'20.588594,-103.114978','Super Servicio Cataluna, S.A. de C.V.',8435),(82,'23.273564,-102.327525','Servicio Villa de Cos, S.A. de C.V.',3022),(83,'19.097538,-98.231594','ESTACIN SERVICIO ATOPISTA MXICO PUEBLA SA DE CV',825),(84,'17.986680,-92.954799','Operadora de Estacion de Servicio Villahermosa S.A. de C.V.',2469),(85,'20.703925,-103.447493','ESTACIN NACIONES UNIDAS SA DE CV',9158),(86,'21.104803,-101.787229','Grupo Jgj-Luan, S.A. de C.V.',12719);
/*!40000 ALTER TABLE `gasolineras` ENABLE KEYS */;
UNLOCK TABLES;

--
-- Table structure for table `polyline`
--

DROP TABLE IF EXISTS `polyline`;
/*!40101 SET @saved_cs_client     = @@character_set_client */;
/*!40101 SET character_set_client = utf8 */;
CREATE TABLE `polyline` (
  `id` int(11) NOT NULL AUTO_INCREMENT,
  `id_ruta` int(11) DEFAULT NULL,
  `coordenadas` varchar(200) DEFAULT NULL,
  PRIMARY KEY (`id`)
) ENGINE=InnoDB AUTO_INCREMENT=670 DEFAULT CHARSET=latin1;
/*!40101 SET character_set_client = @saved_cs_client */;

--
-- Dumping data for table `polyline`
--

LOCK TABLES `polyline` WRITE;
/*!40000 ALTER TABLE `polyline` DISABLE KEYS */;
INSERT INTO `polyline` VALUES (1,1,'25.646510, -100.325730'),(2,9,'25.642769197002,-100.315372641272'),(3,9,'25.6425292231142,-100.314869559443'),(4,9,'25.642769197002,-100.315372641272'),(5,9,'25.6425292231142,-100.314869559443'),(6,10,'25.6392265856266,-100.307997739946'),(7,10,'25.6389934010804,-100.307423579578'),(8,10,'25.6390151940286,-100.307511086647'),(9,10,'25.639034723863,-100.307556013648'),(10,10,'25.6389849353582,-100.307376976197'),(11,11,'25.6401797756553,-100.312977847716'),(12,11,'25.640522595495,-100.313532310611'),(13,11,'25.6409125216305,-100.314141004419'),(14,11,'25.6401797756553,-100.312977847716'),(15,5,'203.9382,-103.232'),(16,11,'25.6401797756553,-100.312977847716'),(17,5,'55,555'),(18,5,'55.5,55'),(19,5,'55.5,55'),(20,11,'25.6401797756553,-100.312977847716'),(21,5,'55.5,55'),(22,5,'55.5,57'),(23,1,'25.6618978735059,-100.351694948122'),(24,1,'25.6616568937898,-100.351053061977'),(25,1,'25.6608663126826,-100.34897602637'),(26,1,'25.6600814312696,-100.346878203644'),(27,1,'25.659730900079,-100.345985363318'),(28,1,'25.6594077777117,-100.345023791386'),(29,1,'25.6595897488296,-100.345564256503'),(30,1,'25.6593252997845,-100.344834360374'),(31,1,'25.6592020019889,-100.344613413407'),(32,1,'25.6588874291628,-100.344175207509'),(33,1,'25.6582551822066,-100.343408766283'),(34,1,'25.6577332410961,-100.342712733043'),(35,1,'25.6571574881673,-100.342000941826'),(36,1,'25.6569776963443,-100.341757531357'),(37,1,'25.6562100816518,-100.340753044081'),(38,1,'25.655650338158,-100.340086515141'),(39,1,'25.6553006451577,-100.339629198504'),(40,1,'25.654957992956,-100.339168529105'),(41,1,'25.6533323228359,-100.3370844527'),(42,1,'25.6542459502816,-100.338297481727'),(43,1,'25.6530107092112,-100.336646917354'),(44,1,'25.6528704799712,-100.336417253208'),(45,1,'25.6525358743966,-100.335780228566'),(46,1,'25.6521560065448,-100.335099282753'),(47,1,'25.6518785655499,-100.334590668868'),(48,1,'25.6515198200941,-100.333881224583'),(49,1,'25.6506064441055,-100.332249435674'),(50,1,'25.6490496732295,-100.329418028781'),(51,1,'25.6470321491361,-100.326253357419'),(52,1,'25.646395040676,-100.325227077195'),(53,1,'25.6460359599441,-100.324711757788'),(54,1,'25.6455795653164,-100.323967444786'),(55,1,'25.6450152955949,-100.323087344953'),(56,1,'25.6436007656157,-100.32089229215'),(57,1,'25.642660735175,-100.319434176273'),(58,1,'25.6417137477547,-100.317916716523'),(59,1,'25.6401840504259,-100.31554162044'),(60,1,'25.6415264122188,-100.317643801756'),(61,1,'25.6382033228874,-100.312422211355'),(62,1,'25.6377072818577,-100.311628277486'),(63,1,'25.6372221373022,-100.310889328902'),(64,1,'25.6388979312032,-100.313481683916'),(65,1,'25.6363851204514,-100.309655177479'),(66,1,'25.6358444038778,-100.308862919991'),(67,1,'25.6343530118465,-100.306517663483'),(68,1,'25.6346981786191,-100.307078245167'),(69,1,'25.6340730562806,-100.306012737636'),(70,1,'25.6337142270058,-100.305237914507'),(71,1,'25.6337922625243,-100.305404882018'),(72,1,'25.6336163263768,-100.304993162934'),(73,1,'25.6335232034325,-100.304808425788'),(74,1,'25.6333823874593,-100.304499301199'),(75,1,'25.6331317685544,-100.304048354808'),(76,1,'25.6326348055154,-100.303326505307'),(77,1,'25.6311884243041,-100.30108417857'),(78,1,'25.6302782334387,-100.299628074351'),(79,1,'25.6306231487543,-100.300160828116'),(80,1,'25.630070278421,-100.299267317238'),(81,1,'25.6285500526428,-100.296914349379'),(82,1,'25.6278357468545,-100.295893768849'),(83,1,'25.627551600337,-100.295576932909'),(84,1,'25.6271930225194,-100.295109557988'),(85,1,'25.6269049365073,-100.294663640739'),(86,1,'25.626267157495,-100.293673570336'),(87,1,'25.6256579607725,-100.292689199628'),(88,1,'25.6249983888119,-100.291599887491'),(89,1,'25.6245053652674,-100.29084685731'),(90,1,'25.623867502436,-100.289832647026'),(91,1,'25.6236782390624,-100.289529222131'),(92,1,'25.6222365517169,-100.287365350008'),(93,1,'25.620548101142,-100.284692864'),(94,1,'25.6193566974252,-100.282871308802'),(95,1,'25.6186907552183,-100.281838323055'),(96,1,'25.6179884355515,-100.280668209372'),(97,1,'25.617759861052,-100.280321198581'),(98,1,'25.616908846423,-100.279015633343'),(99,1,'25.6157521437854,-100.27714512783'),(100,1,'25.6165802758187,-100.278486567614'),(101,1,'25.6142523698509,-100.274814958748'),(102,1,'25.6153101660311,-100.27648295748'),(103,1,'25.6140183471143,-100.274336519715'),(104,1,'25.6141133140773,-100.274560148892'),(105,1,'25.6139521300793,-100.274093444523'),(106,1,'25.6139165908098,-100.273841735971'),(107,1,'25.6139098014682,-100.273792366561'),(108,1,'25.6138439197093,-100.273591871437'),(109,1,'25.6138266529888,-100.273361201462'),(110,1,'25.6138393934816,-100.271938289579'),(111,1,'25.6138305924833,-100.271592619892'),(112,1,'25.6138046085835,-100.2714759438'),(113,1,'25.6137689016759,-100.271421042334'),(114,1,'25.6137357093394,-100.271387430902'),(115,1,'25.6136271636933,-100.271342168625'),(116,1,'25.6134578492492,-100.271318028744'),(117,1,'25.6132341362536,-100.271256337937'),(118,1,'25.6130886264145,-100.271258433413'),(119,1,'25.6618978735059,-100.351694948122'),(120,1,'25.6616568937898,-100.351053061977'),(121,1,'25.6608663126826,-100.34897602637'),(122,1,'25.6600814312696,-100.346878203644'),(123,1,'25.659730900079,-100.345985363318'),(124,1,'25.6595897488296,-100.345564256503'),(125,1,'25.6594077777117,-100.345023791386'),(126,1,'25.6593252997845,-100.344834360374'),(127,1,'25.6588874291628,-100.344175207509'),(128,1,'25.6592020019889,-100.344613413407'),(129,1,'25.6582551822066,-100.343408766283'),(130,1,'25.6577332410961,-100.342712733043'),(131,1,'25.6571574881673,-100.342000941826'),(132,1,'25.6569776963443,-100.341757531357'),(133,1,'25.6562100816518,-100.340753044081'),(134,1,'25.655650338158,-100.340086515141'),(135,1,'25.6553006451577,-100.339629198504'),(136,1,'25.6542459502816,-100.338297481727'),(137,1,'25.654957992956,-100.339168529105'),(138,1,'25.6533323228359,-100.3370844527'),(139,1,'25.6530107092112,-100.336646917354'),(140,1,'25.6528704799712,-100.336417253208'),(141,1,'25.6525358743966,-100.335780228566'),(142,1,'25.6521560065448,-100.335099282753'),(143,1,'25.6518785655499,-100.334590668868'),(144,1,'25.6515198200941,-100.333881224583'),(145,1,'25.6506064441055,-100.332249435674'),(146,1,'25.646395040676,-100.325227077195'),(147,1,'25.6490496732295,-100.329418028781'),(148,1,'25.6470321491361,-100.326253357419'),(149,1,'25.6460359599441,-100.324711757788'),(150,1,'25.6455795653164,-100.323967444786'),(151,1,'25.6450152955949,-100.323087344953'),(152,1,'25.6436007656157,-100.32089229215'),(153,1,'25.642660735175,-100.319434176273'),(154,1,'25.6417137477547,-100.317916716523'),(155,1,'25.6388979312032,-100.313481683916'),(156,1,'25.6415264122188,-100.317643801756'),(157,1,'25.6401840504259,-100.31554162044'),(158,1,'25.6382033228874,-100.312422211355'),(159,1,'25.6377072818577,-100.311628277486'),(160,1,'25.6372221373022,-100.310889328902'),(161,1,'25.6363851204514,-100.309655177479'),(162,1,'25.6343530118465,-100.306517663483'),(163,1,'25.6358444038778,-100.308862919991'),(164,1,'25.6346981786191,-100.307078245167'),(165,1,'25.6340730562806,-100.306012737636'),(166,1,'25.6337922625243,-100.305404882018'),(167,1,'25.6336163263768,-100.304993162934'),(168,1,'25.6337142270058,-100.305237914507'),(169,1,'25.6335232034325,-100.304808425788'),(170,1,'25.6333823874593,-100.304499301199'),(171,1,'25.6326348055154,-100.303326505307'),(172,1,'25.6331317685544,-100.304048354808'),(173,1,'25.6311884243041,-100.30108417857'),(174,1,'25.6306231487543,-100.300160828116'),(175,1,'25.6302782334387,-100.299628074351'),(176,1,'25.630070278421,-100.299267317238'),(177,1,'25.6285500526428,-100.296914349379'),(178,1,'25.6278357468545,-100.295893768849'),(179,1,'25.627551600337,-100.295576932909'),(180,1,'25.6271930225194,-100.295109557988'),(181,1,'25.6269049365073,-100.294663640739'),(182,1,'25.626267157495,-100.293673570336'),(183,1,'25.6249983888119,-100.291599887491'),(184,1,'25.6256579607725,-100.292689199628'),(185,1,'25.6245053652674,-100.29084685731'),(186,1,'25.623867502436,-100.289832647026'),(187,1,'25.6236782390624,-100.289529222131'),(188,1,'25.6222365517169,-100.287365350008'),(189,1,'25.620548101142,-100.284692864'),(190,1,'25.6193566974252,-100.282871308802'),(191,1,'25.6186907552183,-100.281838323055'),(192,1,'25.6179884355515,-100.280668209372'),(193,1,'25.617759861052,-100.280321198581'),(194,1,'25.616908846423,-100.279015633343'),(195,1,'25.6165802758187,-100.278486567614'),(196,1,'25.6157521437854,-100.27714512783'),(197,1,'25.6153101660311,-100.27648295748'),(198,1,'25.6142523698509,-100.274814958748'),(199,1,'25.6141133140773,-100.274560148892'),(200,1,'25.6140183471143,-100.274336519715'),(201,1,'25.6139521300793,-100.274093444523'),(202,1,'25.6139165908098,-100.273841735971'),(203,1,'25.6139098014682,-100.273792366561'),(204,1,'25.6138439197093,-100.273591871437'),(205,1,'25.6138266529888,-100.273361201462'),(206,1,'25.6138393934816,-100.271938289579'),(207,1,'25.6138305924833,-100.271592619892'),(208,1,'25.6138046085835,-100.2714759438'),(209,1,'25.6137689016759,-100.271421042334'),(210,1,'25.6137357093394,-100.271387430902'),(211,1,'25.6136271636933,-100.271342168625'),(212,1,'25.6134578492492,-100.271318028744'),(213,1,'25.6132341362536,-100.271256337937'),(214,1,'25.6130886264145,-100.271258433413'),(215,2,'25.6589726731181,-100.322338673361'),(216,2,'25.6587184499949,-100.320894639082'),(217,2,'25.6587270833552,-100.320943673216'),(218,2,'25.658890446648,-100.321880350896'),(219,2,'25.6596592348069,-100.320714260526'),(220,2,'25.6614398863166,-100.320318634696'),(221,2,'25.6623323075473,-100.320110092945'),(222,2,'25.6605604570359,-100.320524158962'),(223,2,'25.6630611978471,-100.31997296501'),(224,2,'25.6631751079112,-100.32002057422'),(225,2,'25.6634316779673,-100.319977658875'),(226,2,'25.6633894331753,-100.319987046607'),(227,2,'25.6634528841823,-100.319915297516'),(228,2,'25.663280300796,-100.319228652008'),(229,2,'25.6634299177676,-100.31980935026'),(230,2,'25.6632180232555,-100.318911816068'),(231,2,'25.6629932206124,-100.317596863098'),(232,2,'25.6626626383513,-100.316299679763'),(233,2,'25.6625785678625,-100.315535585469'),(234,2,'25.6626825872809,-100.316162887103'),(235,2,'25.6623253505677,-100.313587966448'),(236,2,'25.662249494344,-100.312880869096'),(237,2,'25.6620917469263,-100.311853583043'),(238,2,'25.6621796730906,-100.31241483528'),(239,2,'25.6619016453624,-100.310686151569'),(240,2,'25.6618711352348,-100.310791428273'),(241,2,'25.6617759168148,-100.309733967369'),(242,2,'25.661855712533,-100.310406866556'),(243,2,'25.661757811904,-100.309264245515'),(244,2,'25.6618339195847,-100.308108548705'),(245,2,'25.6619197502732,-100.307498346154'),(246,2,'25.6617614161223,-100.308954450374'),(247,2,'25.6620322354138,-100.306981685643'),(248,2,'25.662305066362,-100.306065375988'),(249,2,'25.6626109220088,-100.305370013301'),(250,2,'25.6624652445316,-100.305665726845'),(251,2,'25.6630969047546,-100.304530481879'),(252,2,'25.6632891017944,-100.304227727536'),(253,2,'25.6650448590517,-100.301748360577'),(254,2,'25.6653615273535,-100.301245446387'),(255,2,'25.665534446016,-100.300910840812'),(256,2,'25.666068373248,-100.29954760808'),(257,2,'25.6663489155471,-100.298947463813'),(258,2,'25.666369702667,-100.298903207364'),(259,2,'25.6664129532874,-100.298697599279'),(260,2,'25.6664930004626,-100.298316809418'),(261,2,'25.6666268594563,-100.297875921311'),(262,2,'25.6666347384453,-100.297776344302'),(263,2,'25.6666042283177,-100.29771498877'),(264,2,'25.6664815172553,-100.297642904403'),(265,2,'25.666232323274,-100.297449198621'),(266,2,'25.6661956105381,-100.297420281055'),(267,2,'25.6660574767738,-100.29739815283'),(268,2,'25.6656713224948,-100.297362278285'),(269,2,'25.6649151910096,-100.297352220001'),(270,2,'25.6634232122451,-100.297333109262'),(271,2,'25.6626943219453,-100.297339479508'),(272,2,'25.6613247189671,-100.297305951895'),(273,2,'25.6603162921965,-100.297328415396'),(274,2,'25.6601143721491,-100.297326068463'),(275,2,'25.6595262978226,-100.297372336569'),(276,2,'25.6584588624537,-100.29689523864'),(277,2,'25.6591346114874,-100.297271083178'),(278,2,'25.6593228690326,-100.29735054362'),(279,2,'25.6579043157399,-100.296550239505'),(280,2,'25.6572717335075,-100.296176406624'),(281,2,'25.6566237285733,-100.295786145212'),(282,2,'25.6574026588351,-100.29619752902'),(283,2,'25.6565842498094,-100.295762340607'),(284,2,'25.6564288493246,-100.295823025586'),(285,2,'25.6564790569246,-100.295791844906'),(286,2,'25.6560907233506,-100.296161654474'),(287,2,'25.6560577824712,-100.296195517363'),(288,2,'25.6557888071984,-100.295248697581'),(289,2,'25.6559788249433,-100.296269278111'),(290,2,'25.6557410303503,-100.294893640162'),(291,2,'25.6555421277881,-100.293829138459'),(292,2,'25.6551444064826,-100.291634420932'),(293,2,'25.6551536265761,-100.291683287428'),(294,2,'25.6551105435938,-100.291476505876'),(295,2,'25.6556243542582,-100.290946099044'),(296,2,'25.6568761914968,-100.28968344915'),(297,2,'25.6566431745887,-100.28999156791'),(298,2,'25.6569141615182,-100.28961069423'),(299,2,'25.6569366250187,-100.28956744361'),(300,2,'25.6567378062755,-100.28933367233'),(301,3,'25.6576111167669,-100.324781495222'),(302,3,'25.6576993782073,-100.325257922598'),(303,3,'25.6585322879255,-100.325098331162'),(304,3,'25.6586239021271,-100.325061786064'),(305,3,'25.6576904095709,-100.325209139922'),(306,3,'25.6594389583915,-100.324902194628'),(307,3,'25.6603313796222,-100.324737574049'),(308,3,'25.660409918055,-100.324702705332'),(309,3,'25.6612548977137,-100.324531043955'),(310,3,'25.6621494982392,-100.324324849137'),(311,3,'25.6630421709269,-100.324145476409'),(312,3,'25.6639157328755,-100.323932576069'),(313,3,'25.6638877373189,-100.323405857273'),(314,3,'25.6639596540481,-100.323921847233'),(315,3,'25.6637958716601,-100.322939152905'),(316,3,'25.6636625993997,-100.322243790217'),(317,3,'25.6635728292167,-100.321996691712'),(318,3,'25.6634398922324,-100.321682537981'),(319,3,'25.6634797900915,-100.321802566834'),(320,3,'25.6633591745049,-100.321333850809'),(321,3,'25.6633141636848,-100.321241649874'),(322,3,'25.6632579211145,-100.321169565507'),(323,3,'25.6631820648909,-100.321138720103'),(324,3,'25.6631473638117,-100.321117262431'),(325,3,'25.6631570030004,-100.320917102583'),(326,3,'25.6631358806044,-100.320588196702'),(327,3,'25.6630611978471,-100.31997296501'),(328,3,'25.6630669813603,-100.319215576239'),(329,3,'25.6630826555192,-100.31957733918'),(330,3,'25.6630319450051,-100.31902069699'),(331,3,'25.6630201265216,-100.318972501047'),(332,3,'25.6630233116448,-100.318971746675'),(333,3,'25.6631870940328,-100.321140480303'),(334,3,'25.6630669813603,-100.31896009583'),(335,3,'25.6630463618785,-100.31881123323'),(336,3,'25.6630497146398,-100.318655329831'),(337,3,'25.6629345472902,-100.317996176965'),(338,3,'25.6628938112408,-100.317696440108'),(339,3,'25.6627653166652,-100.317031587548'),(340,3,'25.6626544240862,-100.316455918438'),(341,3,'25.662392154336,-100.315046752876'),(342,3,'25.662553505972,-100.316020394749'),(343,3,'25.6623240932822,-100.314616258329'),(344,3,'25.662223175168,-100.314057688302'),(345,3,'25.662196604535,-100.313897761589'),(346,3,'25.6619049981236,-100.312340739256'),(347,3,'25.6618170719594,-100.311956848091'),(348,3,'25.6617030780763,-100.311549822872'),(349,3,'25.6616354361176,-100.311188059931'),(350,3,'25.66156771034,-100.310268397515'),(351,3,'25.6615187600255,-100.309220324342'),(352,3,'25.6615181732923,-100.309089566653'),(353,3,'25.661628479138,-100.308046522622'),(354,3,'25.6615268904716,-100.3088431387'),(355,3,'25.661797542125,-100.307209086676'),(356,3,'25.6618073489517,-100.307160387818'),(357,3,'25.6616106256843,-100.305921877806'),(358,3,'25.6614610087126,-100.305016967539'),(359,3,'25.6612936221063,-100.304049695913'),(360,3,'25.6613020878285,-100.304098730046'),(361,3,'25.6616081949323,-100.310586239284'),(362,3,'25.6604141928255,-100.304249185208'),(363,3,'25.6595157366246,-100.304426881556'),(364,3,'25.658642007038,-100.30464548159'),(365,3,'25.6576999649405,-100.304856370274'),(366,3,'25.6569350324571,-100.305038928125'),(367,3,'25.6576111167669,-100.324781495222'),(368,3,'25.6576904095709,-100.325209139922'),(369,3,'25.6585322879255,-100.325098331162'),(370,3,'25.6576993782073,-100.325257922598'),(371,3,'25.6586239021271,-100.325061786064'),(372,3,'25.6594389583915,-100.324902194628'),(373,3,'25.6603313796222,-100.324737574049'),(374,3,'25.660409918055,-100.324702705332'),(375,3,'25.6621494982392,-100.324324849137'),(376,3,'25.6612548977137,-100.324531043955'),(377,3,'25.6630421709269,-100.324145476409'),(378,3,'25.6639157328755,-100.323932576069'),(379,3,'25.6639596540481,-100.323921847233'),(380,3,'25.6638877373189,-100.323405857273'),(381,3,'25.6637958716601,-100.322939152905'),(382,3,'25.6636625993997,-100.322243790217'),(383,3,'25.6635728292167,-100.321996691712'),(384,3,'25.6634797900915,-100.321802566834'),(385,3,'25.6634398922324,-100.321682537981'),(386,3,'25.6633591745049,-100.321333850809'),(387,3,'25.6633141636848,-100.321241649874'),(388,3,'25.6632579211145,-100.321169565507'),(389,3,'25.6631870940328,-100.321140480303'),(390,3,'25.6631820648909,-100.321138720103'),(391,3,'25.6631473638117,-100.321117262431'),(392,3,'25.6631358806044,-100.320588196702'),(393,3,'25.6631570030004,-100.320917102583'),(394,3,'25.6630611978471,-100.31997296501'),(395,3,'25.6630826555192,-100.31957733918'),(396,3,'25.6630669813603,-100.319215576239'),(397,3,'25.6630201265216,-100.318972501047'),(398,3,'25.6630319450051,-100.31902069699'),(399,3,'25.6630463618785,-100.31881123323'),(400,3,'25.6630669813603,-100.31896009583'),(401,3,'25.6630497146398,-100.318655329831'),(402,3,'25.6629345472902,-100.317996176965'),(403,3,'25.6628938112408,-100.317696440108'),(404,3,'25.6627653166652,-100.317031587548'),(405,3,'25.6630233116448,-100.318971746675'),(406,3,'25.6623240932822,-100.314616258329'),(407,3,'25.662392154336,-100.315046752876'),(408,3,'25.6626544240862,-100.316455918438'),(409,3,'25.662553505972,-100.316020394749'),(410,3,'25.662223175168,-100.314057688302'),(411,3,'25.662196604535,-100.313897761589'),(412,3,'25.6619049981236,-100.312340739256'),(413,3,'25.6618170719594,-100.311956848091'),(414,3,'25.6616354361176,-100.311188059931'),(415,3,'25.6617030780763,-100.311549822872'),(416,3,'25.6616081949323,-100.310586239284'),(417,3,'25.6615187600255,-100.309220324342'),(418,3,'25.6615181732923,-100.309089566653'),(419,3,'25.6615268904716,-100.3088431387'),(420,3,'25.66156771034,-100.310268397515'),(421,3,'25.661628479138,-100.308046522622'),(422,3,'25.6618073489517,-100.307160387818'),(423,3,'25.661797542125,-100.307209086676'),(424,3,'25.6616106256843,-100.305921877806'),(425,3,'25.6614610087126,-100.305016967539'),(426,3,'25.6613020878285,-100.304098730046'),(427,3,'25.6612936221063,-100.304049695913'),(428,3,'25.6604141928255,-100.304249185208'),(429,3,'25.6595157366246,-100.304426881556'),(430,3,'25.658642007038,-100.30464548159'),(431,3,'25.6576999649405,-100.304856370274'),(432,3,'25.6569350324571,-100.305038928125'),(433,4,'25.7087340205908,-100.332636344324'),(434,4,'25.7089887466282,-100.332637685428'),(435,4,'25.7088776025921,-100.332633662115'),(436,4,'25.7090469170362,-100.332635087038'),(437,4,'25.7090917602181,-100.332632991563'),(438,4,'25.7090640161186,-100.331942658017'),(439,4,'25.7090612500906,-100.331190968941'),(440,4,'25.7090476714074,-100.330465431402'),(441,4,'25.7091029919684,-100.329924295733'),(442,4,'25.7090854737908,-100.329170595'),(443,4,'25.7090811990201,-100.328434999177'),(444,4,'25.7090905867517,-100.327689680347'),(445,4,'25.7090911734849,-100.327639724204'),(446,4,'25.7085235510021,-100.327523048112'),(447,4,'25.7077840156853,-100.32735272784'),(448,4,'25.707238772884,-100.327248456964'),(449,4,'25.7063167635351,-100.327023151407'),(450,4,'25.7054609712213,-100.326843108127'),(451,4,'25.7052416168153,-100.326791475603'),(452,4,'25.7042081281543,-100.326533648261'),(453,4,'25.7038463652134,-100.326461815351'),(454,4,'25.7038021087647,-100.326452846715'),(455,4,'25.7036643940955,-100.326473298559'),(456,4,'25.7030559517443,-100.326482015738'),(457,4,'25.7028493378311,-100.326520572492'),(458,4,'25.7020828966052,-100.32675627161'),(459,4,'25.7014300301671,-100.326973195264'),(460,4,'25.7012127712369,-100.327045614907'),(461,4,'25.7003506086767,-100.3273336171'),(462,4,'25.6999267358333,-100.327484156081'),(463,4,'25.6996309384704,-100.327611225733'),(464,4,'25.6995433475822,-100.327654476354'),(465,4,'25.699170269072,-100.327827478835'),(466,4,'25.6983418855816,-100.328155714164'),(467,4,'25.6976228021085,-100.328396107147'),(468,4,'25.697380816564,-100.328475567589'),(469,4,'25.697042774409,-100.328582520673'),(470,4,'25.6961173284799,-100.328877228389'),(471,4,'25.695187440142,-100.329135391007'),(472,4,'25.6955994945019,-100.329033131788'),(473,4,'25.6947562750429,-100.329237985501'),(474,4,'25.6943459808827,-100.329333874474'),(475,4,'25.6937021669,-100.329480054865'),(476,4,'25.6933937128633,-100.329549457023'),(477,4,'25.6931737717241,-100.329585666845'),(478,4,'25.6928012799471,-100.329645681272'),(479,4,'25.6923520099372,-100.329711060116'),(480,4,'25.6919169053435,-100.329758669327'),(481,4,'25.6910531502217,-100.329894791434'),(482,4,'25.6898597348481,-100.330075840543'),(483,4,'25.6895726546645,-100.330116073678'),(484,4,'25.6879447214305,-100.330340708683'),(485,4,'25.6876008957624,-100.330358143041'),(486,4,'25.6872758455574,-100.330358478318'),(487,4,'25.6871277373284,-100.330355796109'),(488,4,'25.6869181059301,-100.33035914887'),(489,4,'25.6866715103388,-100.330389658997'),(490,4,'25.685873888433,-100.330512034784'),(491,4,'25.6857436336577,-100.330537515769'),(492,4,'25.6849758513272,-100.330669614563'),(493,4,'25.6841404270381,-100.330776567648'),(494,4,'25.6832539569587,-100.330904643128'),(495,4,'25.6823952309787,-100.331023330877'),(496,4,'25.6815271172672,-100.331123578439'),(497,4,'25.6814624927938,-100.331136654208'),(498,4,'25.6797528360039,-100.33136765946'),(499,4,'25.6790506001562,-100.331494729112'),(500,4,'25.6789034977555,-100.331537644456'),(501,4,'25.6784278247505,-100.331681477915'),(502,4,'25.678032618016,-100.331805194805'),(503,4,'25.6772143766284,-100.331988255571'),(504,4,'25.6763776950538,-100.332196462045'),(505,4,'25.6755452044308,-100.332412044595'),(506,4,'25.6748145539314,-100.332607175301'),(507,4,'25.6741200294346,-100.332765174176'),(508,4,'25.6740760244429,-100.332775148641'),(509,4,'25.6741833128035,-100.333581823002'),(510,4,'25.6742653716355,-100.333942580115'),(511,4,'25.6742763519287,-100.333990859877'),(512,4,'25.6747809424996,-100.333879883479'),(513,4,'25.6750308908522,-100.333828921508'),(514,4,'25.6754066515714,-100.333748706694'),(515,5,'25.7090087793767,-100.323203350493'),(516,5,'25.7086498662829,-100.323206032702'),(517,5,'25.7073511742055,-100.32319580678'),(518,5,'25.7081933878362,-100.323210056015'),(519,5,'25.7073061633855,-100.323194968589'),(520,5,'25.7072940096259,-100.324158216902'),(521,5,'25.7072907406837,-100.324597093352'),(522,5,'25.7072847057134,-100.325239817688'),(523,5,'25.7072681095451,-100.326224272215'),(524,5,'25.7072671875357,-100.326274144539'),(525,5,'25.7064101379365,-100.326279006043'),(526,5,'25.7063651271164,-100.326279173681'),(527,5,'25.7063461840153,-100.326783261338'),(528,5,'25.7063442561775,-100.326833049843'),(529,5,'25.706329755485,-100.326932962129'),(530,5,'25.7063167635351,-100.327023151407'),(531,5,'25.7054609712213,-100.326843108127'),(532,5,'25.7052416168153,-100.326791475603'),(533,5,'25.7042081281543,-100.326533648261'),(534,5,'25.7038021087647,-100.326452846715'),(535,5,'25.7000941224396,-100.325649860391'),(536,5,'25.6994606181979,-100.325514827931'),(537,5,'25.6994164455682,-100.32550535638'),(538,5,'25.6993100792169,-100.325579117128'),(539,5,'25.6989756412804,-100.325734014699'),(540,5,'25.6985220964998,-100.325881368557'),(541,5,'25.6984784267843,-100.325893270859'),(542,5,'25.6983744911849,-100.325915063807'),(543,5,'25.6978161726147,-100.326009946951'),(544,5,'25.6970923114568,-100.326119582245'),(545,5,'25.6964334100485,-100.326199042687'),(546,5,'25.6957149133086,-100.326292584726'),(547,5,'25.6949421018362,-100.326376739034'),(548,5,'25.6944402772933,-100.326445805916'),(549,5,'25.6941728945822,-100.326480674633'),(550,5,'25.6936405599117,-100.326553429553'),(551,5,'25.6928873620927,-100.326668093988'),(552,5,'25.6927749607712,-100.326684522519'),(553,5,'25.6920885667205,-100.326777394006'),(554,5,'25.691513903439,-100.326856519172'),(555,5,'25.691141076386,-100.326904798934'),(556,5,'25.6904890481382,-100.326973195264'),(557,5,'25.6903026346117,-100.326992976555'),(558,5,'25.6894478481263,-100.327102276573'),(559,5,'25.6886472087353,-100.32721593518'),(560,5,'25.6885496433824,-100.327213923523'),(561,5,'25.6872658710927,-100.327371838579'),(562,5,'25.6871510390192,-100.327384579072'),(563,5,'25.686392057687,-100.327450963745'),(564,5,'25.6855267100036,-100.32759077389'),(565,5,'25.68463713862,-100.327697391698'),(566,5,'25.6854073517025,-100.327604184935'),(567,5,'25.683804731816,-100.327807697544'),(568,5,'25.6829424016178,-100.327923703084'),(569,5,'25.6820637267083,-100.328042726109'),(570,5,'25.6811905000359,-100.328161413858'),(571,5,'25.6802819017321,-100.328274066636'),(572,5,'25.6794195715338,-100.328401806841'),(573,5,'25.678886231035,-100.328465844581'),(574,5,'25.6785735022277,-100.328509095201'),(575,5,'25.6777057237923,-100.328610013316'),(576,5,'25.6768596544862,-100.328732053826'),(577,5,'25.6752009596675,-100.328961298878'),(578,5,'25.6760159321129,-100.328848394642'),(579,5,'25.6751562841237,-100.328967417667'),(580,5,'25.6751470640302,-100.328885191197'),(581,5,'25.675141448155,-100.328835654149'),(582,5,'25.6740651279688,-100.328988540063'),(583,6,'25.7626896724105,-100.406575291512'),(584,6,'25.7626339327544,-100.406657601801'),(585,6,'25.7625708170235,-100.406746114699'),(586,6,'25.7624533865601,-100.406825910417'),(587,6,'25.7621193677187,-100.406959015039'),(588,6,'25.7614662498236,-100.407203766612'),(589,6,'25.7606938574463,-100.407504844574'),(590,6,'25.7605235371739,-100.407576928941'),(591,6,'25.7599018514156,-100.40781162223'),(592,6,'25.7597306091338,-100.407883036045'),(593,6,'25.7593193929642,-100.408058050184'),(594,6,'25.7573626376689,-100.40881845644'),(595,6,'25.7570196501911,-100.40895256689'),(596,6,'25.7564715575427,-100.40921575865'),(597,6,'25.7559663802385,-100.409479620962'),(598,6,'25.7556752767414,-100.409628483562'),(599,6,'25.7554427627474,-100.409741471617'),(600,6,'25.7551163714379,-100.409873570411'),(601,6,'25.7541068550199,-100.410270202069'),(602,6,'25.7539434917271,-100.410325857906'),(603,6,'25.7536282483488,-100.410420070498'),(604,6,'25.7522475812584,-100.410779486506'),(605,6,'25.7521361857653,-100.410822988583'),(606,6,'25.7520944438875,-100.410841847866'),(607,6,'25.7520464994013,-100.410901862292'),(608,6,'25.7519423123449,-100.410936731009'),(609,6,'25.7519018277526,-100.410936731009'),(610,6,'25.7515491172671,-100.410961206167'),(611,6,'25.75130302459,-100.411016191452'),(612,6,'25.7504583802074,-100.411298829227'),(613,6,'25.749822948128,-100.411550956874'),(614,6,'25.7492452673614,-100.411807778387'),(615,6,'25.7484942488372,-100.412184628754'),(616,6,'25.7476387079805,-100.41268016687'),(617,6,'25.7466454524547,-100.413155923694'),(618,6,'25.746583007276,-100.413193809896'),(619,6,'25.7465475518256,-100.413235467955'),(620,6,'25.7465225737542,-100.413276958376'),(621,6,'25.7464977633208,-100.413327585071'),(622,6,'25.7464157044888,-100.413395310848'),(623,6,'25.7463099248707,-100.41340905717'),(624,6,'25.7462531793862,-100.413390281706'),(625,6,'25.7461804244667,-100.413368488758'),(626,6,'25.7461450528353,-100.413377205937'),(627,6,'25.7452862430364,-100.413693036049'),(628,6,'25.7449341192842,-100.413805688828'),(629,6,'25.7440453022718,-100.414047758191'),(630,6,'25.7433093711734,-100.414230148404'),(631,6,'25.7429155055434,-100.414322684615'),(632,6,'25.7424649782479,-100.414453442305'),(633,6,'25.7419720385224,-100.414615045398'),(634,6,'25.7418137881905,-100.414677071482'),(635,6,'25.7416217587888,-100.414780001253'),(636,6,'25.7413822039962,-100.414967085331'),(637,6,'25.7413435634225,-100.414992566317'),(638,6,'25.7411298248917,-100.415058615714'),(639,6,'25.7411071099341,-100.414797770887'),(640,6,'25.7411083672196,-100.414773966282'),(641,6,'25.741165112704,-100.414027306348'),(642,6,'25.7414499297738,-100.412801536828'),(643,6,'25.7416226807982,-100.411891262143'),(644,6,'25.7416652608663,-100.411321963279'),(645,6,'25.741656459868,-100.411144937484'),(646,6,'25.7416289672255,-100.41066918066'),(647,6,'25.7415613252669,-100.410352679996'),(648,6,'25.7414501812309,-100.409971806316'),(649,6,'25.7412713952362,-100.40952655962'),(650,6,'25.741082970053,-100.40919933012'),(651,6,'25.7405290938914,-100.408474798409'),(652,6,'25.7396387681365,-100.407268139629'),(653,6,'25.7394273765385,-100.406999583451'),(654,6,'25.7386273238808,-100.405947486965'),(655,6,'25.7383524812758,-100.405560243038'),(656,6,'25.7379686739296,-100.405102926401'),(657,6,'25.7375700306147,-100.404821294454'),(658,6,'25.7371205929667,-100.404606717733'),(659,6,'25.7368065230548,-100.404408234266'),(660,6,'25.7366228755564,-100.404244619516'),(661,6,'25.7361544948071,-100.403726450262'),(662,6,'25.7361230626702,-100.403690743354'),(663,6,'25.7359648123383,-100.403623352853'),(664,6,'25.7355709467083,-100.403207610455'),(665,6,'25.7344504538923,-100.401950660255'),(666,6,'25.7341396529227,-100.401585544553'),(667,6,'25.7340115774423,-100.401409859862'),(668,6,'25.7338757067919,-100.401273737755'),(669,6,'25.7337457034737,-100.401194277313');
/*!40000 ALTER TABLE `polyline` ENABLE KEYS */;
UNLOCK TABLES;

--
-- Table structure for table `rutas`
--

DROP TABLE IF EXISTS `rutas`;
/*!40101 SET @saved_cs_client     = @@character_set_client */;
/*!40101 SET character_set_client = utf8 */;
CREATE TABLE `rutas` (
  `id` int(11) NOT NULL AUTO_INCREMENT,
  `id_empresa` int(11) DEFAULT NULL,
  `id_chofer` int(11) DEFAULT NULL,
  `id_camion` int(11) DEFAULT NULL,
  `coordenadas_inicio` varchar(200) DEFAULT NULL,
  `coordenadas_fin` varchar(200) DEFAULT NULL,
  `hora_inicio` datetime DEFAULT NULL,
  `hora_fin` datetime DEFAULT NULL,
  PRIMARY KEY (`id`)
) ENGINE=InnoDB AUTO_INCREMENT=7 DEFAULT CHARSET=latin1;
/*!40101 SET character_set_client = @saved_cs_client */;

--
-- Dumping data for table `rutas`
--

LOCK TABLES `rutas` WRITE;
/*!40000 ALTER TABLE `rutas` DISABLE KEYS */;
INSERT INTO `rutas` VALUES (1,1,1,2,'25.6618978735059,-100.351694948122','225.6130886264145,-100.271258433413','2018-08-18 12:08:00','2018-08-18 22:08:00'),(2,1,1,2,'25.6589726731181,-100.322338673361','225.6567378062755,-100.28933367233','2018-08-19 12:08:00','2018-08-19 23:08:00'),(3,1,2,2,'25.6576111167669,-100.324781495222','225.6569350324571,-100.305038928125','2018-08-18 15:08:00','2018-08-18 23:08:00'),(4,1,1,2,'25.7087340205908,-100.332636344324','225.6754066515714,-100.333748706694','2018-08-24 12:08:00','2018-08-25 18:08:00'),(5,1,2,2,'25.7090087793767,-100.323203350493','225.6740651279688,-100.328988540063','2018-08-18 14:08:00','2018-08-18 15:08:00'),(6,1,2,2,'25.7626896724105,-100.406575291512','225.7337457034737,-100.401194277313','2018-08-19 21:08:00','2018-08-21 21:08:00');
/*!40000 ALTER TABLE `rutas` ENABLE KEYS */;
UNLOCK TABLES;

--
-- Table structure for table `usuarios`
--

DROP TABLE IF EXISTS `usuarios`;
/*!40101 SET @saved_cs_client     = @@character_set_client */;
/*!40101 SET character_set_client = utf8 */;
CREATE TABLE `usuarios` (
  `id` int(11) NOT NULL AUTO_INCREMENT,
  `nombre` varchar(60) DEFAULT NULL,
  `id_empresa` int(11) DEFAULT NULL,
  `password` text,
  `usuario` varchar(40) DEFAULT NULL,
  PRIMARY KEY (`id`)
) ENGINE=InnoDB AUTO_INCREMENT=3 DEFAULT CHARSET=latin1;
/*!40101 SET character_set_client = @saved_cs_client */;

--
-- Dumping data for table `usuarios`
--

LOCK TABLES `usuarios` WRITE;
/*!40000 ALTER TABLE `usuarios` DISABLE KEYS */;
INSERT INTO `usuarios` VALUES (1,'Sergio Zorrilla',1,'bodoque','bodoque'),(2,'Abraham Barcenas',2,'123456','barcenas');
/*!40000 ALTER TABLE `usuarios` ENABLE KEYS */;
UNLOCK TABLES;
/*!40103 SET TIME_ZONE=@OLD_TIME_ZONE */;

/*!40101 SET SQL_MODE=@OLD_SQL_MODE */;
/*!40014 SET FOREIGN_KEY_CHECKS=@OLD_FOREIGN_KEY_CHECKS */;
/*!40014 SET UNIQUE_CHECKS=@OLD_UNIQUE_CHECKS */;
/*!40101 SET CHARACTER_SET_CLIENT=@OLD_CHARACTER_SET_CLIENT */;
/*!40101 SET CHARACTER_SET_RESULTS=@OLD_CHARACTER_SET_RESULTS */;
/*!40101 SET COLLATION_CONNECTION=@OLD_COLLATION_CONNECTION */;
/*!40111 SET SQL_NOTES=@OLD_SQL_NOTES */;

-- Dump completed on 2018-08-20 16:17:00
